,total_h2_sold_per_station,prioritize,profitability threshold,longitude,latitude,station_location,size_station,cumulative_demand,construction_year,propriety
0,4390.4,1,1.0976,-1.7236873,47.227907575,hub,large,0.03588579320157772,2024,1
1,3440.6399999999994,1,0.8602,4.8068959,43.51376845,hub,large,0.06400853726158964,2024,0
2,3269.8738453607893,1,0.8174684613401973,2.871694551830265,50.10113427032396,road,large,0.09073549075326807,2024,0
3,3269.8738453607893,1,0.8174684613401973,2.900111614837857,50.31465862370554,road,large,0.11746244424494652,2024,1
4,2525.2798881055114,1,0.6313199720263779,4.797245451617696,44.6710621306595,road,large,0.1381033133777494,2024,0
5,2525.2798881055114,1,0.6313199720263779,5.229410711910947,43.55796565488035,road,large,0.15874418251055228,2024,0
6,2472.96,1,0.6182,3.1071152,50.70652168,hub,large,0.17895740480368583,2024,1
7,1953.28,1,0.9766,1.8226483,48.99262965,hub,medium,0.1949229209627551,2024,0
8,1899.52,1,0.9498,0.1967848999999999,48.0073849,hub,medium,0.2104490192458867,2024,0
9,1833.44849278428,1,0.9167242463921398,3.659101216100502,47.796680223375965,road,medium,0.22543506914061176,2024,0
10,1833.44849278428,1,0.9167242463921398,4.859624150499589,47.00049723958791,road,medium,0.24042111903533683,2025,1
11,1756.16,1,0.8781,2.7442236,49.0859622,hub,medium,0.25477543631596794,2025,0
12,1738.24,1,0.8691,-0.500972,43.8911318,hub,medium,0.26898328097128643,2025,0
13,1727.7398603371616,1,0.8638699301685808,5.287071457819081,47.93015943864478,road,medium,0.28310530068114936,2025,1
14,1727.7398603371616,1,0.8638699301685808,6.106938436318125,49.36241531782738,road,medium,0.2972273203910123,2025,0
15,1684.48,1,0.8422,2.133125958056288,47.929667775,hub,medium,0.31099574717039313,2025,0
16,1648.64,1,0.8243,1.12658455,49.2721432,hub,medium,0.32447122869914885,2025,1
17,1610.436274044585,1,0.8052181370222925,5.319601368458224,47.07060581767057,road,medium,0.33763444460081693,2025,1
18,1610.436274044585,1,0.8052181370222925,5.170233439193096,47.0324649998648,road,medium,0.35079766050248495,2025,0
19,990.2720041997802,1,0.9902720041997802,0.6227616634793093,44.14766528731921,road,small,0.3588918424348887,2025,0
20,990.2720041997802,1,0.9902720041997802,1.401982162269939,43.71629670670593,road,small,0.3669860243672924,2026,0
21,976.78628886874,1,0.97678628886874,0.1601671345671602,46.2114804408092,road,small,0.37496997816751104,2026,1
22,976.78628886874,1,0.97678628886874,-0.2734496792394273,45.24043326446728,road,small,0.38295393196772975,2026,0
23,967.68,1,0.9677,2.303717033333333,48.72079506666667,hub,small,0.3908634537346081,2026,1
24,967.68,1,0.9677,-0.2449274,44.5530659,hub,small,0.39877297550148644,2026,0
25,931.84,1,0.9318,-4.400979,48.4346366,hub,small,0.4063895520177397,2026,0
26,917.8053469550974,1,0.9178053469550974,2.1194176536925013,47.20800802246639,road,small,0.41389141355202647,2026,1
27,917.8053469550974,1,0.9178053469550974,3.160583961957347,45.8433306210893,road,small,0.4213932750863133,2026,0
28,913.92,1,0.9139,2.1089221,49.33314875,hub,small,0.4288633789772539,2026,1
29,913.92,1,0.9139,2.6073963,46.3400296,hub,small,0.43633348286819457,2026,0
30,2393.651821980608,0,0.598412955495152,3.295225920469808,43.338968764234544,road,large,0.45589846425489644,2027,0
31,2393.651821980608,0,0.598412955495152,2.8569308097380333,42.47539934548716,road,large,0.4754634456415983,2027,1
32,2060.8,0,0.5152,1.51228,47.70764916666666,hub,large,0.492307797552543,2027,0
33,1594.88,0,0.7974,2.8016229,50.2993922,hub,medium,0.505343861205361,2027,1
34,1576.9599999999998,0,0.7885,1.4266178,48.5802573,hub,medium,0.5182334522328664,2027,1
35,1542.5219438427473,0,0.7712609719213737,7.366670364166511,43.74520979912986,road,medium,0.5308415570719782,2027,1
36,1542.5219438427473,0,0.7712609719213737,7.483722004254011,43.79715090031751,road,medium,0.5434496619110901,2027,1
37,1523.1999999999998,0,0.7615999999999999,-0.8075022431892661,47.26248486666667,hub,medium,0.5558998350626578,2027,0
38,1469.44,0,0.7347,4.8322266,46.3036683,hub,medium,0.567910590338288,2027,1
39,1469.4399999999998,0,0.7347,7.43372735,47.9333166,hub,medium,0.5799213456139181,2027,1
40,1417.8147846382751,0,0.7089073923191376,1.506053020112609,47.73070989708539,road,medium,0.5915101320934345,2028,1
41,1417.8147846382751,0,0.7089073923191376,0.3479900372412308,46.62314981719808,road,medium,0.6030989185729508,2028,1
42,1344.0,0,0.672,2.88698995,50.4615291,hub,medium,0.614084365471393,2028,1
43,1299.5044207304531,0,0.6497522103652266,4.322751294974057,49.04271719901225,road,medium,0.6247061190489416,2028,1
44,1299.5044207304531,0,0.6497522103652266,6.464241184101785,49.14055474089337,road,medium,0.6353278726264902,2028,0
45,1272.3200000000002,0,0.6362,1.9492851333333328,46.92184236666667,hub,medium,0.6457274290236822,2028,1
46,1272.32,0,0.6362,5.10632506,45.69666528,hub,medium,0.6561269854208741,2028,1
47,1118.2224543991488,0,0.5591112271995744,2.403069684487531,51.01843747503984,road,medium,0.6652669953862368,2028,0
48,1064.8294115419674,0,0.5324147057709837,1.3041355241746295,45.781268536901656,road,medium,0.6739705868716488,2028,0
49,1064.8294115419674,0,0.5324147057709837,1.5730757121210202,44.698371084124005,road,medium,0.6826741783570608,2028,1
50,1021.44,0,0.5107,2.71844838,48.82276774,hub,medium,0.6910231179998769,2029,0
51,890.9964488449847,0,0.8909964488449846,0.1314132909311033,48.02267640035102,road,small,0.6983058517614001,2029,0
52,890.9964488449847,0,0.8909964488449846,-1.202757788162948,47.39887443178217,road,small,0.7055885855229234,2029,0
53,871.6058459928915,0,0.8716058459928916,3.1772109392932224,50.06911016213508,road,small,0.7127128263990592,2029,1
54,871.6058459928915,0,0.8716058459928916,4.222623702628568,48.72880255270012,road,small,0.7198370672751951,2029,1
55,842.24,0,0.8422,2.8953121,42.6985304,hub,small,0.7267212806648856,2029,1
56,824.32,0,0.8243,7.6917206,48.582520200000005,hub,small,0.7334590214292634,2029,0
57,815.4661947401006,0,0.8154661947401006,2.058522086681707,43.9149536253382,road,small,0.7401243938844659,2029,1
58,806.4000000000001,0,0.8064,0.27469962,49.50110296,hub,small,0.7467156620235312,2029,1
59,793.8944726594476,0,0.7938944726594476,5.320898732225743,46.071392555176445,road,small,0.7532047137886853,2029,1
0,25141.76,1,3.0,5.00451,49.44561,hub,large,0.030854636678091983,2030,0
1,18565.12,1,3.0,4.89524472,44.03162786,hub,large,0.05363824580033239,2030,1
2,16916.48,1,3.0,-1.55755586,47.20602008,hub,large,0.07439860005843563,2030,0
3,11450.88,1,2.8627,2.6920610000000003,50.4785714,hub,large,0.08845142460391017,2030,1
4,10805.76,1,2.7014,1.6561556,48.3304943,hub,large,0.10171254072428755,2030,1
5,9390.08,1,2.3475,1.0608253250000002,49.3623212,hub,large,0.11323629668959062,2030,1
6,9372.16,1,2.343,1.9740938,48.77210695,hub,large,0.12473806075419654,2030,1
7,9175.04,1,2.2938,3.0965415666666667,50.308296866666666,hub,large,0.1359979139111339,2030,0
8,8960.0,1,2.24,6.0243622,47.2380222,hub,large,0.1469938642597055,2030,0
9,8917.440862006468,1,2.229360215501617,2.697542033123256,49.396722416100616,road,large,0.1579375849019987,2030,0
10,8917.440862006468,1,2.229360215501617,2.871694551830265,50.10113427032396,road,large,0.16888130554429184,2030,0
11,8917.440862006468,1,2.229360215501617,2.900111614837857,50.31465862370554,road,large,0.17982502618658505,2030,0
12,8171.52,1,2.0429,2.47657425,49.26489755,hub,large,0.18985333290448236,2030,0
13,8064.0,1,2.016,-0.3864208157082929,47.4972822875,hub,large,0.19974968821819683,2030,1
14,7490.559999999999,1,1.8726,-1.0490777295677982,47.2574172,hub,large,0.2089423027096027,2030,1
15,7383.04,1,1.8458,7.4133351,48.7692184,hub,large,0.21800296579682574,2030,0
16,7365.12,1,1.8413,5.079057233333334,47.3011305,hub,large,0.2270416369833516,2030,1
17,7239.679999999999,1,1.8099,4.9287265,43.3973905,hub,large,0.23592636486499746,2030,1
18,7185.92,1,1.7965,-0.2057893552874009,46.98320275,hub,large,0.24474511704455193,2030,1
19,7114.24,1,1.7786000000000002,-0.5957869999999998,48.5500968,hub,large,0.2534759016213178,2030,0
20,6952.96,1,1.7382,6.158619,49.227184533333336,hub,large,0.2620087590918094,2030,0
21,6218.24,1,1.5546,2.3462084,49.88572855,hub,large,0.26963994863371804,2030,1
22,5806.08,1,1.4515,3.4900652,49.4723325,hub,large,0.27676532445959245,2030,1
23,5555.2,1,1.3888,7.3579641,48.0777517,hub,large,0.28358281367570687,2030,0
24,5501.4400000000005,1,1.3754,3.30819445,49.81625,hub,large,0.29033432718972985,2030,1
25,5393.92,1,1.3485,-0.7734022,48.0706687,hub,large,0.29695388929957,2030,1
26,5304.32,1,1.3261,4.9473513,48.6371125,hub,large,0.3034634919059244,2031,0
27,5263.923020878167,1,1.315980755219542,5.967752745953975,45.53691896100016,road,large,0.3099235182648842,2031,1
28,5263.923020878167,1,1.315980755219542,6.215159830563675,45.56495265441731,road,large,0.31638354462384394,2031,1
29,5196.8,1,1.2992,1.19692,45.18516,hub,large,0.3227611958260155,2031,1
30,5165.115336363348,1,1.291278834090837,4.8718378468145085,45.06691865267444,road,large,0.3290999627661156,2031,1
31,5165.115336363348,1,1.291278834090837,4.797245451617696,44.6710621306595,road,large,0.3354387297062157,2031,1
32,5165.115336363348,1,1.291278834090837,4.922717622461537,43.88658602401537,road,large,0.3417774966463158,2031,0
33,5165.115336363348,1,1.291278834090837,5.229410711910947,43.55796565488035,road,large,0.3481162635864159,2031,1
34,5017.599999999999,1,1.2544,1.8226483,48.99262965,hub,large,0.354273995781616,2031,0
35,4940.7075726796165,1,1.235176893169904,5.570934439353717,46.85249787588068,road,large,0.3603373635445621,2031,1
36,4940.7075726796165,1,1.235176893169904,5.259852652232238,46.2505864195335,road,large,0.36640073130750817,2031,0
37,4895.888092983353,1,1.2239720232458382,4.179336408152805,43.726224271926846,road,large,0.37240909541270995,2031,1
38,4895.888092983353,1,1.2239720232458382,3.295225920469808,43.338968764234544,road,large,0.37841745951791167,2031,1
39,4895.888092983353,1,1.2239720232458382,2.8950283531836454,42.78275379534364,road,large,0.38442582362311345,2031,1
40,4895.888092983353,1,1.2239720232458382,2.8569308097380333,42.47539934548716,road,large,0.39043418772831523,2031,0
41,4820.48,1,1.2051,0.534411,49.5188282,hub,large,0.3963500090158467,2031,0
42,4797.222221021053,1,1.1993055552552632,1.9450172595926865,43.28841170379598,road,large,0.4022372877383258,2031,0
43,4797.222221021053,1,1.1993055552552632,2.741948745288952,43.16890067197148,road,large,0.4081245664608048,2031,1
44,4748.8,1,1.1872,4.854519275,46.8416993,hub,large,0.4139524201455478,2031,0
45,4605.44,1,1.1514,3.4515087,50.373341825,hub,large,0.4196043386247136,2031,1
46,4484.051583448048,1,1.1210128958620118,3.969042511437332,46.46181151755479,road,large,0.4251072860099847,2031,1
47,4484.051583448048,1,1.1210128958620118,4.681115468844718,46.36665939129923,road,large,0.4306102333952558,2031,1
48,4444.16,1,1.111,1.3070367333333337,43.9278982,hub,large,0.43606422476814727,2031,0
49,4399.192311511611,1,1.0997980778779026,0.3051646485282707,49.3133337654017,road,large,0.44146303059752223,2031,1
50,4399.192311511611,1,1.0997980778779026,0.1419237512513107,49.26256555057668,road,large,0.4468618364268972,2031,0
51,4391.903454072882,1,1.0979758635182204,6.153166770390324,47.33582344280961,road,large,0.4522516971765295,2031,1
52,4391.903454072882,1,1.0979758635182204,5.319601368458224,47.07060581767057,road,large,0.4576415579261619,2032,1
53,4391.903454072882,1,1.0979758635182204,5.170233439193096,47.0324649998648,road,large,0.4630314186757942,2032,1
54,4390.4,1,1.0976,4.8147808,45.29202,hub,large,0.46841943434659433,2032,0
55,4206.690796980039,1,1.0516726992450096,6.153323467009044,43.41051955099898,road,large,0.4735819971965258,2032,0
56,4206.690796980039,1,1.0516726992450096,7.366670364166511,43.74520979912986,road,large,0.47874456004645727,2032,1
57,4206.690796980039,1,1.0516726992450096,7.483722004254011,43.79715090031751,road,large,0.4839071228963887,2032,0
58,4085.76,1,1.0214,1.6118771,50.7259985,hub,large,0.4889212762553374,2032,0
59,4067.84,1,1.017,2.4821778666666665,48.597845033333336,hub,large,0.4939134377135889,2032,1
60,4014.08,1,1.0034999999999998,3.9070658,47.4885365,hub,large,0.498839623469749,2032,0
61,3965.025621727088,1,0.991256405431772,2.240432847246608,46.19907440426714,road,large,0.5037056083879774,2032,0
62,3965.025621727088,1,0.991256405431772,2.418072921182057,46.29172062060176,road,large,0.5085715933062057,2032,0
63,3924.48,1,0.9811,5.40338,47.0371,hub,large,0.51338781955888,2032,0
64,3870.72,1,0.9677,-0.87698975,47.0523826,hub,large,0.5181380701094629,2032,1
65,3816.96,1,0.9542,3.0978047,45.83526155,hub,large,0.5228223449579544,2032,1
66,3808.6480336637255,1,0.9521620084159312,-1.3371337656867957,48.62398785047724,road,large,0.5274964191402481,2032,1
67,3808.6480336637255,1,0.9521620084159312,-0.4672361667078279,49.158923933145935,road,large,0.5321704933225418,2032,1
68,3727.36,1,0.9318,-117.8704931,33.7500378,hub,large,0.5367448086675476,2032,1
69,3677.1716167551176,1,0.9192929041887794,-3.352024767070826,47.77856753379444,road,large,0.5412575314935539,2032,0
70,3677.1716167551176,1,0.9192929041887794,-4.408383228036626,48.39650374219637,road,large,0.5457702543195602,2032,0
71,3601.92,1,0.9005,-1.4611915,43.5405622,hub,large,0.550190626359686,2032,1
72,3440.64,1,0.8602,-1.078488233333333,46.0787621,hub,large,0.5544130712935375,2032,1
73,3297.28,1,0.8243,2.6073963,46.3400296,hub,large,0.5584595810218119,2032,0
74,3261.44,1,0.8154,2.9557006,48.3849647,hub,large,0.5624621069486919,2032,1
75,3261.44,1,0.8154,2.8385118,49.67595563333333,hub,large,0.566464632875572,2032,0
76,3207.68,1,0.8019,-0.3466615,46.2595794,hub,large,0.5704011831003607,2032,0
77,3189.76,1,0.7974,7.6165987,48.5214122,hub,large,0.5743157414244522,2032,1
78,3118.08,1,0.7795000000000001,0.3250000000000002,49.0211111,hub,large,0.5781423321457552,2033,1
79,3028.48,1,0.7570999999999999,1.3667588,48.7262676,hub,large,0.5818589633635723,2033,0
80,2992.64,1,0.7482,3.6011231,50.3870769,hub,large,0.5855316107799953,2033,0
81,2938.88,1,0.7347,1.94731682,47.90594698,hub,large,0.5891382824943268,2033,0
82,2920.96,1,0.7302,3.83236095,43.52913485,hub,large,0.5927229623079612,2033,1
83,2849.28,1,0.7123,2.8323842333333333,50.28981016666667,hub,large,0.596219674518807,2033,1
84,2827.084852465551,1,0.7067712131163878,5.164026036686764,47.344957414347725,road,large,0.5996891482541764,2033,0
85,2827.084852465551,1,0.7067712131163878,5.287071457819081,47.93015943864478,road,large,0.6031586219895458,2033,0
86,2827.084852465551,1,0.7067712131163878,5.899673413273241,48.48507948650719,road,large,0.6066280957249153,2033,0
87,2827.084852465551,1,0.7067712131163878,6.106938436318125,49.36241531782738,road,large,0.6100975694602847,2033,1
88,2827.084852465551,1,0.7067712131163878,6.115261447330646,49.43271226676324,road,large,0.6135670431956541,2033,0
89,2813.44,1,0.7034,2.9549603,49.2162403,hub,large,0.6170197716051056,2033,1
90,2795.52,1,0.6989,0.272729625,49.459584,hub,large,0.6204505081138599,2033,1
91,2777.6000000000004,1,0.6944,0.7795281500000001,47.40639565,hub,large,0.6238592527219171,2033,1
92,2741.76,1,0.6854,3.1191470333333333,50.626484966666666,hub,large,0.62722401352858,2033,0
93,2620.3765445824224,1,0.6550941361456056,-0.4832184981693014,48.0564616153189,road,large,0.6304398093297843,2033,0
94,2620.3765445824224,1,0.6550941361456056,-0.8332726566831677,48.107485998025794,road,large,0.6336556051309885,2033,0
95,2580.48,1,0.6451,5.348031,49.1706321,hub,large,0.6368224388313771,2033,1
96,2544.64,1,0.6362,-0.2449274,44.5530659,hub,large,0.6399452887303715,2033,0
97,2526.7200000000003,1,0.6317,1.386333,43.737415350000006,hub,large,0.6430461467286687,2033,1
98,2500.045763406925,1,0.6250114408517312,2.7750017326875143,48.21621365633597,road,large,0.6461142693942467,2033,1
99,2500.045763406925,1,0.6250114408517312,3.659101216100502,47.796680223375965,road,large,0.6491823920598248,2033,0
100,2500.045763406925,1,0.6250114408517312,4.116414390797281,47.49714450635409,road,large,0.6522505147254027,2033,1
101,2500.045763406925,1,0.6250114408517312,4.859624150499589,47.00049723958791,road,large,0.6553186373909808,2033,0
102,2500.045763406925,1,0.6250114408517312,4.82697842513357,46.35098160389453,road,large,0.6583867600565588,2033,1
103,2500.045763406925,1,0.6250114408517312,4.73603189493353,45.978836672539536,road,large,0.6614548827221368,2033,1
104,2455.04,1,0.6138,3.0179003,50.5127102,hub,large,0.6644677731176455,2034,1
105,2437.12,1,0.6093,3.914409,50.2954202,hub,large,0.667458671612457,2034,1
106,2401.28,1,0.6003000000000001,5.7302769,46.6591772,hub,large,0.6704055863058742,2034,1
107,2401.28,1,0.6003000000000001,4.7621660666666665,46.0157993,hub,large,0.6733525009992914,2034,1
108,1997.8830325894428,1,0.9989415162947214,1.2307826173404142,47.97737559754724,road,medium,0.6758043562033771,2034,0
109,1997.8830325894428,1,0.9989415162947214,0.1601671345671602,46.2114804408092,road,medium,0.6782562114074627,2034,0
110,1997.8830325894428,1,0.9989415162947214,-0.2289432110130343,45.32195960312026,road,medium,0.6807080666115484,2034,0
111,1997.8830325894428,1,0.9989415162947214,-0.2734496792394273,45.24043326446728,road,medium,0.683159921815634,2034,0
112,1989.12,1,0.9946,3.4978181,48.492439,hub,medium,0.6856010227930169,2034,1
113,1951.8533765922832,1,0.9759266882961416,3.242238178209452,44.64130089663044,road,medium,0.6879963891788093,2034,0
114,1951.8533765922832,1,0.9759266882961416,3.446472928662317,43.65626162907388,road,medium,0.6903917555646019,2034,0
115,1951.8533765922832,1,0.9759266882961416,3.283802841060554,43.34566879882294,road,medium,0.6927871219503944,2034,0
116,1949.5024299522104,1,0.9747512149761052,2.7696678052124417,48.06245935903253,road,medium,0.6951796031919317,2034,0
117,1949.5024299522104,1,0.9747512149761052,2.1958541299163987,48.114848625760814,road,medium,0.6975720844334691,2034,1
118,1933.297749885398,1,0.966648874942699,1.851578857240029,48.08438486744445,road,medium,0.6999446788605611,2034,1
119,1933.297749885398,1,0.966648874942699,1.506053020112609,47.73070989708539,road,medium,0.7023172732876531,2034,1
120,1933.297749885398,1,0.966648874942699,0.5489459337021962,46.95218046111173,road,medium,0.7046898677147452,2034,1
121,1933.297749885398,1,0.966648874942699,0.3479900372412308,46.62314981719808,road,medium,0.7070624621418372,2034,1
122,1933.297749885398,1,0.966648874942699,-0.4360219091483783,46.2383786965198,road,medium,0.7094350565689292,2034,1
123,1933.297749885398,1,0.966648874942699,-0.5999157235849718,45.57627441561726,road,medium,0.7118076509960213,2034,1
124,1921.4392113522165,1,0.9607196056761084,0.869293969817245,46.26372348566887,road,medium,0.7141656923091717,2034,1
125,1921.4392113522165,1,0.9607196056761084,0.3930094192566207,46.585067698100765,road,medium,0.7165237336223222,2034,0
126,1877.2455661976055,1,0.9386227830988028,2.021115552013488,47.41778759850708,road,medium,0.7188275393185258,2034,1
127,1877.2455661976055,1,0.9386227830988028,2.1194176536925013,47.20800802246639,road,medium,0.7211313450147294,2034,0
128,1877.2455661976055,1,0.9386227830988028,2.7147035729468505,46.39720704321254,road,medium,0.7234351507109331,2034,0
129,1877.2455661976055,1,0.9386227830988028,3.160583961957347,45.8433306210893,road,medium,0.7257389564071367,2034,0
130,1822.41162425249,1,0.911205812126245,1.4441402881838032,48.36343209562834,road,medium,0.7279754684311255,2035,0
131,1822.41162425249,1,0.911205812126245,0.1314132909311033,48.02267640035102,road,medium,0.7302119804551144,2035,1
132,1822.41162425249,1,0.911205812126245,-0.3309267902979237,47.564589574022094,road,medium,0.7324484924791032,2035,1
133,1822.41162425249,1,0.911205812126245,-1.202757788162948,47.39887443178217,road,medium,0.7346850045030919,2035,0
134,1809.92,1,0.905,1.5194768666666667,48.49861223333333,hub,medium,0.7369061864735035,2035,1
135,1771.9726157357563,1,0.8859863078678781,3.586493292809604,49.12840754427884,road,medium,0.7390807984044921,2035,1
136,1771.9726157357563,1,0.8859863078678781,4.322751294974057,49.04271719901225,road,medium,0.7412554103354808,2035,0
137,1771.9726157357563,1,0.8859863078678781,5.277878256786503,49.09633294761527,road,medium,0.7434300222664695,2035,0
138,1771.9726157357563,1,0.8859863078678781,6.464241184101785,49.14055474089337,road,medium,0.7456046341974581,2035,1
139,1771.9726157357563,1,0.8859863078678781,7.121080645959903,48.91572386058876,road,medium,0.7477792461284468,2035,1
140,1771.9726157357563,1,0.8859863078678781,7.72398072202093,48.63302772599377,road,medium,0.7499538580594356,2035,0
141,1756.16,1,0.8781,5.5418687250000005,45.283716375,hub,medium,0.7521090643277556,2035,0
142,1742.37057842877,1,0.871185289214385,1.5609775540604751,46.65119813112068,road,medium,0.7542473478511055,2035,1
143,1742.37057842877,1,0.871185289214385,1.3041355241746295,45.781268536901656,road,medium,0.7563856313744552,2035,0
144,1742.37057842877,1,0.871185289214385,1.4796899142135913,45.16512945005558,road,medium,0.7585239148978051,2035,1
145,1742.37057842877,1,0.871185289214385,1.5730757121210202,44.698371084124005,road,medium,0.7606621984211549,2035,1
146,1742.37057842877,1,0.871185289214385,1.514015370199447,44.153609279776205,road,medium,0.7628004819445047,2035,0
147,1739.0706566770723,1,0.8695353283385362,-0.1613158127720226,45.67187447743713,road,medium,0.7649347157160984,2035,0
148,1739.0706566770723,1,0.8695353283385362,-0.5896999951812665,45.74593618619095,road,medium,0.7670689494876921,2035,0
149,1738.2400000000002,1,0.8691,2.319989375,50.95095395,hub,medium,0.769202163855315,2035,1
150,1720.3200000000002,1,0.8602,-1.3456661,46.77747323333333,hub,medium,0.7713133863222407,2035,0
151,1720.32,1,0.8602,5.676916647475023,46.27117145,hub,medium,0.7734246087891664,2035,1
152,1648.64,1,0.8243,-1.1816088,47.3648141,hub,medium,0.7754478636533035,2035,0
153,1630.7199999999998,1,0.8154,2.2283459,47.8642836,hub,medium,0.7774491266167436,2035,0
154,1630.7199999999998,1,0.8154,-1.72289458,48.08571478,hub,medium,0.7794503895801835,2035,0
155,915.5598762559746,1,0.9155598762559746,3.790946965416509,46.21544873146249,road,small,0.7805739890155021,2035,0
156,915.5598762559746,1,0.9155598762559746,4.832214836405679,45.481935382221394,road,small,0.7816975884508207,2036,1
157,915.5598762559746,1,0.9155598762559746,4.855446454172127,44.80628440800346,road,small,0.7828211878861393,2036,1
158,915.5598762559746,1,0.9155598762559746,4.6924092454054565,44.361930695795664,road,small,0.7839447873214579,2036,1
159,913.92,1,0.9139,5.7255731,46.431063,hub,small,0.7850663742570123,2036,1
160,2311.6800000000003,0,0.5779,1.4175744,50.0491699,hub,large,0.7879033294469439,2036,0
161,2293.76,0,0.5734,5.32725932,43.4051396,hub,large,0.7907182927361781,2036,0
162,2286.217144062611,0,0.5715542860156528,6.119370905907633,45.95156571117745,road,large,0.7935239992319556,2036,0
163,2286.217144062611,0,0.5715542860156528,6.08140837756378,46.04842174326117,road,large,0.796329705727733,2036,0
164,2275.84,0,0.569,-1.328599875,48.200060275,hub,large,0.7991226771162702,2036,1
165,2240.0,0,0.56,2.7580346,49.3071297,hub,large,0.8018716647034131,2036,1
166,2222.08,0,0.5555,1.5122799999999998,47.70764916666666,hub,large,0.8045986603898588,2036,0
167,2222.08,0,0.5555,3.2196304,49.1820573,hub,large,0.8073256560763045,2036,0
168,2168.32,0,0.5421,7.187850000000001,43.7846,hub,large,0.8099866760606588,2036,1
169,2165.070380515949,0,0.5412675951289873,6.121349292853746,46.13739312931851,road,large,0.8126437080255379,2036,0
170,2165.070380515949,0,0.5412675951289873,5.320898732225743,46.071392555176445,road,large,0.8153007399904171,2036,0
171,2165.070380515949,0,0.5412675951289873,4.847440113139186,46.33950523955605,road,large,0.8179577719552962,2036,0
172,2150.4,0,0.5376,6.6967773,47.5091856,hub,large,0.8205968000389534,2036,1
173,2114.56,0,0.5286,2.5110728,49.9082911,hub,large,0.8231918443212164,2036,1
174,2072.553214634757,0,0.5181383036586892,-1.1988541706329716,46.79219050747887,road,large,0.8257353367590397,2036,0
175,2072.553214634757,0,0.5181383036586892,-0.3374871709078039,46.35543598669601,road,large,0.8282788291968629,2036,0
176,2042.88,0,0.5107,2.486822,49.7705466,hub,large,0.8307859058763373,2036,1
177,2040.986250561749,0,0.5102465626404373,2.951063744627578,47.30018865494113,road,large,0.8332906584961246,2036,0
178,2040.986250561749,0,0.5102465626404373,3.081233535497568,47.09635978596418,road,large,0.8357954111159119,2036,1
179,2025.4662226375135,0,0.5063665556593784,-0.0159963720311231,44.49663928870144,road,large,0.8382811171445762,2036,0
180,2025.4662226375135,0,0.5063665556593784,0.6227616634793093,44.14766528731921,road,large,0.8407668231732405,2036,1
181,2025.4662226375135,0,0.5063665556593784,1.3852295103694752,43.76672533868904,road,large,0.8432525292019046,2036,1
182,2025.4662226375135,0,0.5063665556593784,1.401982162269939,43.71629670670593,road,large,0.8457382352305689,2037,0
183,2024.96,0,0.5062,-3.1846229,48.5561462,hub,large,0.8482233200093461,2037,0
184,2007.04,0,0.5018,2.92632885,50.444069675,hub,large,0.8506864128874262,2037,1
185,2007.04,0,0.5018,1.4547249999999998,49.0984117,hub,large,0.8531495057655062,2037,0
186,1559.04,0,0.7795000000000001,4.750318,44.5579391,hub,medium,0.8550628011261577,2037,1
187,1524.7809363990746,0,0.7623904681995373,2.2357461560523704,49.70190128051283,road,medium,0.856934052852619,2037,0
188,1524.7809363990746,0,0.7623904681995373,1.873049781205688,50.10338308196691,road,medium,0.8588053045790803,2037,1
189,1524.7809363990746,0,0.7623904681995373,2.403069684487531,51.01843747503984,road,medium,0.8606765563055416,2037,1
190,1523.1999999999998,0,0.7615999999999999,4.405427850000001,46.39235525,hub,medium,0.8625458678647988,2037,0
191,1487.36,0,0.7437,1.4231756666666664,45.159878866666666,hub,medium,0.8643711956226616,2037,0
192,1469.44,0,0.7347,-0.609252825,44.85837905,hub,medium,0.8661745314798274,2037,1
193,1433.6,0,0.7168000000000001,2.9349893,48.9692581,hub,medium,0.8679338835355987,2037,1
194,1426.2006341892616,0,0.7131003170946307,2.4628984974377195,50.54925076908337,road,medium,0.8696841548928138,2037,1
195,1426.2006341892616,0,0.7131003170946307,3.1772109392932224,50.06911016213508,road,medium,0.8714344262500289,2037,1
196,1426.2006341892616,0,0.7131003170946307,3.470212347550327,49.68843512579081,road,medium,0.8731846976072439,2037,1
197,1426.2006341892616,0,0.7131003170946307,4.222623702628568,48.72880255270012,road,medium,0.874934968964459,2037,1
198,1426.2006341892616,0,0.7131003170946307,4.165551410390831,48.29149724348645,road,medium,0.876685240321674,2037,1
199,1397.76,0,0.6989,4.7607483,46.431937,hub,medium,0.8784006085760512,2037,1
200,1383.545113329437,0,0.6917725566647185,-0.6494324429094515,49.25276653395969,road,medium,0.8800985319433704,2037,1
201,1383.545113329437,0,0.6917725566647185,-1.263408412010793,49.33545926369115,road,medium,0.8817964553106895,2037,0
202,1379.84,0,0.6899,6.140174525,48.7595724,hub,medium,0.8834898316643695,2037,0
203,1326.08,0,0.6629999999999999,0.1079731999999999,49.4938975,hub,medium,0.885117232315958,2037,0
204,1290.24,0,0.6451,0.340196,46.5802596,hub,medium,0.8867006491661523,2037,0
205,1290.24,0,0.6451,5.13539694,45.75259116,hub,medium,0.8882840660163466,2037,0
206,1272.32,0,0.6362,-0.6841224999999999,44.7411574,hub,medium,0.8898454909658438,2037,0
207,1260.342293849815,0,0.6301711469249075,0.8451868246842429,49.652104998824754,road,medium,0.8913922165557295,2037,0
208,1260.342293849815,0,0.6301711469249075,2.239440433788444,49.84777227187714,road,medium,0.8929389421456154,2038,1
209,1260.342293849815,0,0.6301711469249075,3.085667516169272,49.84332819128316,road,medium,0.8944856677355013,2038,0
210,1259.374669035348,0,0.629687334517674,-1.0411323821230722,46.915891887742994,road,medium,0.8960312058304746,2038,0
211,1259.374669035348,0,0.629687334517674,-1.206994730148052,46.808875517016055,road,medium,0.897576743925448,2038,1
212,1256.847007237924,0,0.6284235036189619,3.146519206035424,48.365854342881136,road,medium,0.8991191800066243,2038,1
213,1256.847007237924,0,0.6284235036189619,4.128759116781822,48.22112395156409,road,medium,0.9006616160878005,2038,0
214,1256.847007237924,0,0.6284235036189619,4.882287262402821,48.07760579499946,road,medium,0.9022040521689768,2038,1
215,1256.847007237924,0,0.6284235036189619,5.061185958249656,48.03963794650407,road,medium,0.903746488250153,2038,0
216,1254.4,0,0.6272,-0.3806944999999999,49.18029815,hub,medium,0.9052859212989531,2038,1
217,1233.870998599005,0,0.6169354992995024,0.6990970842885658,48.60336690769223,road,medium,0.9068001606111336,2038,1
218,1233.870998599005,0,0.6169354992995024,-1.7709900507375231,48.13857581889598,road,medium,0.9083143999233141,2038,1
219,1233.870998599005,0,0.6169354992995024,-2.6897274684972867,48.48270726177108,road,medium,0.9098286392354945,2038,1
220,1233.870998599005,0,0.6169354992995024,-3.717926220850445,48.57517421602704,road,medium,0.9113428785476749,2038,1
221,1233.870998599005,0,0.6169354992995024,-4.290701934701217,48.48389467871775,road,medium,0.9128571178598555,2038,1
222,1182.72,0,0.5914,2.31295086,48.74621802,hub,medium,0.9143085833058668,2038,1
223,1182.7199999999998,0,0.5914,7.4870901,48.50213545,hub,medium,0.9157600487518782,2038,1
224,1174.7153464269695,0,0.5873576732134848,-3.882995260277189,48.20382037291315,road,medium,0.9172016906740899,2038,1
225,1174.7153464269695,0,0.5873576732134848,-4.050598243771946,48.21548082990795,road,medium,0.9186433325963014,2038,1
226,1153.8745555025591,0,0.5769372777512796,-0.7476757058331658,43.46925082476937,road,medium,0.9200593981454963,2038,1
227,1153.8745555025591,0,0.5769372777512796,0.2082169733979421,43.199275973231714,road,medium,0.9214754636946911,2038,0
228,1153.8745555025591,0,0.5769372777512796,1.0766427322006558,43.237761716149365,road,medium,0.9228915292438861,2038,0
229,1153.8745555025591,0,0.5769372777512796,1.320546000542573,43.47577027898601,road,medium,0.924307594793081,2038,0
230,1146.88,0,0.5734,2.1089221,49.33314875,hub,medium,0.9257150764376981,2038,1
231,1146.88,0,0.5734,2.8953121,42.6985304,hub,medium,0.9271225580823154,2038,1
232,1138.921304958168,0,0.569460652479084,0.4738405021477156,47.6474343354972,road,medium,0.9285202726046647,2038,1
233,1138.921304958168,0,0.569460652479084,0.1372591177411941,48.31368299170269,road,medium,0.9299179871270141,2038,0
234,1138.921304958168,0,0.569460652479084,0.4461581678320697,49.014554227369786,road,medium,0.9313157016493635,2039,1
235,1138.921304958168,0,0.569460652479084,0.7750775876687983,49.24673941473765,road,medium,0.9327134161717129,2039,0
236,1111.949865723021,0,0.5559749328615106,3.424246684464714,44.48552084271995,road,medium,0.9340780306263547,2039,0
237,1111.949865723021,0,0.5559749328615106,2.1709865495030463,43.99502917020945,road,medium,0.9354426450809966,2039,0
238,1111.949865723021,0,0.5559749328615106,2.058522086681707,43.9149536253382,road,medium,0.9368072595356385,2039,1
239,1111.04,0,0.5555,2.4433101,44.9285441,hub,medium,0.9381707573788615,2039,1
240,1093.12,0,0.5466,2.4884015,49.05735405,hub,medium,0.9395122633213872,2039,0
241,1075.2,0,0.5376,-4.2422349,48.466290666666666,hub,medium,0.9408317773632157,2039,0
242,1075.1999999999998,0,0.5376,-0.5722401,43.397429,hub,medium,0.9421512914050443,2039,1
243,1045.8316042080746,0,0.5229158021040373,0.3444478151407562,47.32929681268242,road,medium,0.9434347637703165,2039,0
244,1045.8316042080746,0,0.5229158021040373,1.356502768182869,47.30560380105392,road,medium,0.9447182361355887,2039,0
245,1045.8316042080746,0,0.5229158021040373,1.768895587104402,47.32104699563461,road,medium,0.946001708500861,2039,0
246,1039.36,0,0.5196999999999999,4.95955224,45.63369034,hub,medium,0.9472772387412952,2039,1
247,870.0644343908974,0,0.8700644343908974,5.892679475096784,43.92093082818442,road,small,0.9483450049601144,2039,0
248,870.0644343908974,0,0.8700644343908974,5.909432935539891,44.25233115102172,road,small,0.9494127711789336,2039,0
249,860.1600000000001,0,0.8602,0.1967849,48.0073849,hub,small,0.9504683824123966,2039,1
250,860.1600000000001,0,0.8602,5.8015068,45.5626336,hub,small,0.9515239936458595,2039,1
251,860.16,0,0.8602,4.8920811,44.9332277,hub,small,0.9525796048793224,2039,1
252,860.1599999999999,0,0.8602,4.0055725,49.18604606666666,hub,small,0.9536352161127853,2039,1
253,806.4,0,0.8064,5.51253,45.5326,hub,small,0.9546248516441568,2039,1
254,806.4,0,0.8064,5.5818459,47.4575385,hub,small,0.9556144871755282,2039,0
255,788.48,0,0.7885,2.399125,47.0811658,hub,small,0.9565821308062026,2039,0
256,788.48,0,0.7885,4.304100133333334,48.93762706666666,hub,small,0.9575497744368768,2039,1
257,788.48,0,0.7885,2.1572498500000004,50.23409545,hub,small,0.9585174180675511,2039,0
258,788.48,0,0.7885,6.8617959,47.507832,hub,small,0.9594850616982253,2039,0
259,770.56,0,0.7706000000000001,4.9692638,45.80375845,hub,small,0.9604307134282026,2039,0
